{"minzoom":0,"maxzoom":9,"center":[47.460938,40.713423,9.0],"bounds":[44.742958,38.396805,50.618401,41.911148]}