{"minzoom":0,"maxzoom":8,"center":[47.109375,40.444817,8.0],"bounds":[44.742958,38.396805,50.618401,41.911148]}